Feature,BLANK_1,BLANK_2,POS_C_1h_01,POS_C_1h_02,POS_C_1h_03,POS_C_1h_04,POS_C_1h_05,POS_C_1h_06,POS_C_1h_07,POS_C_1h_08,POS_C_1h_09,POS_C_1h_10,POS_C_24h_01,POS_C_24h_02,POS_C_24h_03,POS_C_24h_04,POS_C_24h_05,POS_C_24h_06,POS_C_24h_07,POS_C_24h_08,POS_C_24h_09,POS_C_24h_10,POS_C_6h_01,POS_C_6h_02,POS_C_6h_03,POS_C_6h_04,POS_C_6h_05,POS_C_6h_06,POS_C_6h_07,POS_C_6h_08,POS_C_6h_09,POS_C_6h_10,POS_P_1h_01,POS_P_1h_02,POS_P_1h_03,POS_P_1h_04,POS_P_1h_05,POS_P_1h_06,POS_P_1h_07,POS_P_1h_08,POS_P_1h_09,POS_P_1h_10,POS_P_24h_01,POS_P_24h_02,POS_P_24h_03,POS_P_24h_04,POS_P_24h_05,POS_P_24h_06,POS_P_24h_07,POS_P_24h_08,POS_P_24h_09,POS_P_24h_10,POS_P_6h_01,POS_P_6h_02,POS_P_6h_03,POS_P_6h_04,POS_P_6h_05,POS_P_6h_06,POS_P_6h_07,POS_P_6h_08,POS_P_6h_09,POS_P_6h_10,QC_1,QC_2,QC_3,QC_4,QC_5,QC_6,QC_7,QC_8,QC_9,QC_10,QC_11,QC_12,QC_13
843.5269__248.1,778.890777154275,1326.16855190696,10397.6401618011,8024.48975512111,8188.68863945008,11009.6668957195,8403.98698144568,11296.5196221051,8607.8538879325,10596.0425937457,9247.93974328655,5106.43233898524,14620.7892787097,14688.8480527083,13323.9350931373,9005.99121990166,17412.2038022125,12532.091748149,22308.9128518819,17205.1212576594,16513.99615304,15060.2763208002,7882.24511608083,14752.8462245796,9408.77166885953,15769.4565027953,16231.2034941323,17563.6361264736,12139.0282815397,26233.3547705982,14972.3062321642,14815.8248833526,11972.3600707097,5170.26350511888,13666.3971294172,13991.045061084,17108.1420007726,18529.4923839934,11747.6499932442,12213.4325580919,10817.0492614112,13213.2200760747,10817.5088541949,10853.1309836561,20123.4195090418,8704.85905312824,12031.8919296608,14838.9674040296,20013.2091148041,6448.14246066124,10712.9542196496,10823.4294288411,11843.297673542,13460.2345786829,9433.00668253618,15418.8368174948,18325.2271293018,12584.0940788609,15287.2035810928,23084.9133068094,11638.9027966571,23994.774614085,13997.3654509784,16967.2876109033,12779.6886450688,10187.275961766,15560.2759144819,14032.1032885208,12206.7420292739,14411.0474271945,12925.5724732166,13410.4213425672,17342.3992646931,10467.4776956788,12685.2107275917
